mean_fit_time,std_fit_time,mean_score_time,std_score_time,param_C,param_gamma,param_kernel,params,split0_test_score,split1_test_score,split2_test_score,split3_test_score,split4_test_score,mean_test_score,std_test_score,rank_test_score
0.020441722869873048,0.0005643084901328993,0.013048696517944335,0.00019532348929722295,0.0001,0.0001,rbf,"{'C': 0.0001, 'gamma': 0.0001, 'kernel': 'rbf'}",0.5285714285714286,0.5142857142857142,0.5142857142857142,0.5142857142857142,0.5217391304347826,0.5186335403726707,0.005746600499985305,23
0.019807147979736327,0.00020081924313573963,0.012379217147827148,0.00047766588199041235,0.0001,0.001,rbf,"{'C': 0.0001, 'gamma': 0.001, 'kernel': 'rbf'}",0.5285714285714286,0.5142857142857142,0.5142857142857142,0.5142857142857142,0.5217391304347826,0.5186335403726707,0.005746600499985305,23
0.019819259643554688,0.00023187032380888532,0.013470458984375,0.0003649082894718163,0.0001,0.01,rbf,"{'C': 0.0001, 'gamma': 0.01, 'kernel': 'rbf'}",0.5285714285714286,0.5142857142857142,0.5142857142857142,0.5142857142857142,0.5217391304347826,0.5186335403726707,0.005746600499985305,23
0.019320106506347655,0.00015249343272994182,0.01292405128479004,0.00023483470478457769,0.0001,0.1,rbf,"{'C': 0.0001, 'gamma': 0.1, 'kernel': 'rbf'}",0.5285714285714286,0.5142857142857142,0.5142857142857142,0.5142857142857142,0.5217391304347826,0.5186335403726707,0.005746600499985305,23
0.019590377807617188,2.6142246580577627e-05,0.013286733627319336,0.00032327131444638584,0.0001,1,rbf,"{'C': 0.0001, 'gamma': 1, 'kernel': 'rbf'}",0.5285714285714286,0.5142857142857142,0.5142857142857142,0.5142857142857142,0.5217391304347826,0.5186335403726707,0.005746600499985305,23
0.01995363235473633,0.00045579787701653717,0.013760137557983398,0.0014257262094957643,0.0001,10,rbf,"{'C': 0.0001, 'gamma': 10, 'kernel': 'rbf'}",0.5285714285714286,0.5142857142857142,0.5142857142857142,0.5142857142857142,0.5217391304347826,0.5186335403726707,0.005746600499985305,23
0.023551464080810547,7.26706712544999e-05,0.01403803825378418,0.000271192656374054,0.0001,100,rbf,"{'C': 0.0001, 'gamma': 100, 'kernel': 'rbf'}",0.5285714285714286,0.5142857142857142,0.5142857142857142,0.5142857142857142,0.5217391304347826,0.5186335403726707,0.005746600499985305,23
0.024062490463256835,0.0005024291874895567,0.014107179641723634,0.0005432578852454776,0.0001,1000,rbf,"{'C': 0.0001, 'gamma': 1000, 'kernel': 'rbf'}",0.5285714285714286,0.5142857142857142,0.5142857142857142,0.5142857142857142,0.5217391304347826,0.5186335403726707,0.005746600499985305,23
0.01980762481689453,0.0004376170622882898,0.012896442413330078,0.00042390867883339197,0.001,0.0001,rbf,"{'C': 0.001, 'gamma': 0.0001, 'kernel': 'rbf'}",0.5285714285714286,0.5142857142857142,0.5142857142857142,0.5142857142857142,0.5217391304347826,0.5186335403726707,0.005746600499985305,23
0.0196256160736084,0.00026500777510368636,0.013398551940917968,0.0003340150387987154,0.001,0.001,rbf,"{'C': 0.001, 'gamma': 0.001, 'kernel': 'rbf'}",0.5285714285714286,0.5142857142857142,0.5142857142857142,0.5142857142857142,0.5217391304347826,0.5186335403726707,0.005746600499985305,23
0.01964726448059082,0.00022725353598203557,0.013136005401611328,0.00042604194233399875,0.001,0.01,rbf,"{'C': 0.001, 'gamma': 0.01, 'kernel': 'rbf'}",0.5285714285714286,0.5142857142857142,0.5142857142857142,0.5142857142857142,0.5217391304347826,0.5186335403726707,0.005746600499985305,23
0.02006087303161621,0.0003687085659354384,0.012971830368041993,0.0001546703776435513,0.001,0.1,rbf,"{'C': 0.001, 'gamma': 0.1, 'kernel': 'rbf'}",0.5285714285714286,0.5142857142857142,0.5142857142857142,0.5142857142857142,0.5217391304347826,0.5186335403726707,0.005746600499985305,23
0.020157575607299805,0.0004469853055853577,0.013331317901611328,0.0003266155488613268,0.001,1,rbf,"{'C': 0.001, 'gamma': 1, 'kernel': 'rbf'}",0.5285714285714286,0.5142857142857142,0.5142857142857142,0.5142857142857142,0.5217391304347826,0.5186335403726707,0.005746600499985305,23
0.01978297233581543,0.00020982684790819633,0.013295936584472656,0.00039921310943796725,0.001,10,rbf,"{'C': 0.001, 'gamma': 10, 'kernel': 'rbf'}",0.5285714285714286,0.5142857142857142,0.5142857142857142,0.5142857142857142,0.5217391304347826,0.5186335403726707,0.005746600499985305,23
0.023296356201171875,0.00040857529718657824,0.013394546508789063,0.0003312941383109465,0.001,100,rbf,"{'C': 0.001, 'gamma': 100, 'kernel': 'rbf'}",0.5285714285714286,0.5142857142857142,0.5142857142857142,0.5142857142857142,0.5217391304347826,0.5186335403726707,0.005746600499985305,23
0.02321772575378418,0.0006441420614856993,0.013117694854736328,5.57647958122993e-05,0.001,1000,rbf,"{'C': 0.001, 'gamma': 1000, 'kernel': 'rbf'}",0.5285714285714286,0.5142857142857142,0.5142857142857142,0.5142857142857142,0.5217391304347826,0.5186335403726707,0.005746600499985305,23
0.019007539749145506,0.0009135468813085948,0.012599563598632813,0.0010336264200567265,0.01,0.0001,rbf,"{'C': 0.01, 'gamma': 0.0001, 'kernel': 'rbf'}",0.5285714285714286,0.5142857142857142,0.5142857142857142,0.5142857142857142,0.5217391304347826,0.5186335403726707,0.005746600499985305,23
0.018732452392578126,0.00029463391796277864,0.01228647232055664,0.00021748382305982546,0.01,0.001,rbf,"{'C': 0.01, 'gamma': 0.001, 'kernel': 'rbf'}",0.5285714285714286,0.5142857142857142,0.5142857142857142,0.5142857142857142,0.5217391304347826,0.5186335403726707,0.005746600499985305,23
0.018924522399902343,0.00032496427492620616,0.012088441848754882,0.0001391304768997064,0.01,0.01,rbf,"{'C': 0.01, 'gamma': 0.01, 'kernel': 'rbf'}",0.5285714285714286,0.5142857142857142,0.5142857142857142,0.5142857142857142,0.5217391304347826,0.5186335403726707,0.005746600499985305,23
0.019058036804199218,0.00035391252207589614,0.012013959884643554,0.00016858060995034112,0.01,0.1,rbf,"{'C': 0.01, 'gamma': 0.1, 'kernel': 'rbf'}",0.5285714285714286,0.5142857142857142,0.5142857142857142,0.5142857142857142,0.5217391304347826,0.5186335403726707,0.005746600499985305,23
0.019295883178710938,0.0003157210230397926,0.012214136123657227,0.00032438049045313425,0.01,1,rbf,"{'C': 0.01, 'gamma': 1, 'kernel': 'rbf'}",0.5285714285714286,0.5142857142857142,0.5142857142857142,0.5142857142857142,0.5217391304347826,0.5186335403726707,0.005746600499985305,23
0.019318151473999023,0.0003442131325082097,0.012406873703002929,0.00032628358773171504,0.01,10,rbf,"{'C': 0.01, 'gamma': 10, 'kernel': 'rbf'}",0.5285714285714286,0.5142857142857142,0.5142857142857142,0.5142857142857142,0.5217391304347826,0.5186335403726707,0.005746600499985305,23
0.024347734451293946,0.0002637557576091667,0.013662624359130859,0.0005191316834111444,0.01,100,rbf,"{'C': 0.01, 'gamma': 100, 'kernel': 'rbf'}",0.5285714285714286,0.5142857142857142,0.5142857142857142,0.5142857142857142,0.5217391304347826,0.5186335403726707,0.005746600499985305,23
0.02402639389038086,0.0005578104583931774,0.013482999801635743,0.00034260527159432565,0.01,1000,rbf,"{'C': 0.01, 'gamma': 1000, 'kernel': 'rbf'}",0.5285714285714286,0.5142857142857142,0.5142857142857142,0.5142857142857142,0.5217391304347826,0.5186335403726707,0.005746600499985305,23
0.01876211166381836,0.00030135667019038227,0.012087345123291016,0.00018828813504375246,0.1,0.0001,rbf,"{'C': 0.1, 'gamma': 0.0001, 'kernel': 'rbf'}",0.5285714285714286,0.5142857142857142,0.5142857142857142,0.5142857142857142,0.5217391304347826,0.5186335403726707,0.005746600499985305,23
0.018918371200561522,0.00033660213641153466,0.01240839958190918,0.0002233618754557609,0.1,0.001,rbf,"{'C': 0.1, 'gamma': 0.001, 'kernel': 'rbf'}",0.5285714285714286,0.5142857142857142,0.5142857142857142,0.5142857142857142,0.5217391304347826,0.5186335403726707,0.005746600499985305,23
0.019083786010742187,0.00029683572313670824,0.01208958625793457,0.0002089384098375287,0.1,0.01,rbf,"{'C': 0.1, 'gamma': 0.01, 'kernel': 'rbf'}",0.5285714285714286,0.5142857142857142,0.5142857142857142,0.5142857142857142,0.5217391304347826,0.5186335403726707,0.005746600499985305,23
0.01905374526977539,0.00037881854989666396,0.012172508239746093,0.0002035833002469942,0.1,0.1,rbf,"{'C': 0.1, 'gamma': 0.1, 'kernel': 'rbf'}",0.5714285714285714,0.6571428571428571,0.6,0.6428571428571429,0.6521739130434783,0.62472049689441,0.033421459320845205,22
0.01932945251464844,0.0003582600918051134,0.012320947647094727,0.0003622334327899212,0.1,1,rbf,"{'C': 0.1, 'gamma': 1, 'kernel': 'rbf'}",0.5285714285714286,0.5142857142857142,0.5142857142857142,0.5142857142857142,0.5217391304347826,0.5186335403726707,0.005746600499985305,23
0.019324111938476562,0.00034476458925298577,0.012391233444213867,0.0002174216712063928,0.1,10,rbf,"{'C': 0.1, 'gamma': 10, 'kernel': 'rbf'}",0.5285714285714286,0.5142857142857142,0.5142857142857142,0.5142857142857142,0.5217391304347826,0.5186335403726707,0.005746600499985305,23
0.024106216430664063,0.00029571564512462597,0.013158226013183593,0.00039390151059382134,0.1,100,rbf,"{'C': 0.1, 'gamma': 100, 'kernel': 'rbf'}",0.5285714285714286,0.5142857142857142,0.5142857142857142,0.5142857142857142,0.5217391304347826,0.5186335403726707,0.005746600499985305,23
0.02436351776123047,0.00035340202997516976,0.01333322525024414,0.0003276165764355719,0.1,1000,rbf,"{'C': 0.1, 'gamma': 1000, 'kernel': 'rbf'}",0.5285714285714286,0.5142857142857142,0.5142857142857142,0.5142857142857142,0.5217391304347826,0.5186335403726707,0.005746600499985305,23
0.019430065155029298,0.0007526585609924847,0.012710857391357421,0.0004674355009973042,1,0.0001,rbf,"{'C': 1, 'gamma': 0.0001, 'kernel': 'rbf'}",0.5285714285714286,0.5142857142857142,0.5142857142857142,0.5142857142857142,0.5217391304347826,0.5186335403726707,0.005746600499985305,23
0.01897144317626953,0.0003419341044421776,0.012099552154541015,0.00024636664749349413,1,0.001,rbf,"{'C': 1, 'gamma': 0.001, 'kernel': 'rbf'}",0.5285714285714286,0.5142857142857142,0.5142857142857142,0.5142857142857142,0.5217391304347826,0.5186335403726707,0.005746600499985305,23
0.018897008895874024,0.0003943625610823742,0.012102556228637696,0.00018683970675687406,1,0.01,rbf,"{'C': 1, 'gamma': 0.01, 'kernel': 'rbf'}",0.8428571428571429,0.8571428571428571,0.8714285714285714,0.8428571428571429,0.8695652173913043,0.8567701863354037,0.012376312168394465,14
0.01650662422180176,0.000360035560800497,0.010140657424926758,0.00035795143113350153,1,0.1,rbf,"{'C': 1, 'gamma': 0.1, 'kernel': 'rbf'}",0.9142857142857143,0.8714285714285714,0.9142857142857143,0.9,0.927536231884058,0.9055072463768115,0.019136797271311907,11
0.02040419578552246,0.0004142247259457268,0.012258768081665039,0.0002651092814660332,1,1,rbf,"{'C': 1, 'gamma': 1, 'kernel': 'rbf'}",0.9,0.8571428571428571,0.9142857142857143,0.9142857142857143,0.9710144927536232,0.9113457556935817,0.03645360141041173,4
0.02041182518005371,0.0003423180914077858,0.012373018264770507,0.00031437054751728017,1,10,rbf,"{'C': 1, 'gamma': 10, 'kernel': 'rbf'}",0.6714285714285714,0.6285714285714286,0.6714285714285714,0.6142857142857143,0.5652173913043478,0.6301863354037266,0.039694446558836916,21
0.024512863159179686,0.00036014619437705735,0.013307714462280273,0.0004114931617890518,1,100,rbf,"{'C': 1, 'gamma': 100, 'kernel': 'rbf'}",0.5285714285714286,0.5142857142857142,0.5142857142857142,0.5142857142857142,0.5217391304347826,0.5186335403726707,0.005746600499985305,23
0.024773645401000976,0.0006034925636079255,0.013431406021118164,0.0003265088463219066,1,1000,rbf,"{'C': 1, 'gamma': 1000, 'kernel': 'rbf'}",0.5285714285714286,0.5142857142857142,0.5142857142857142,0.5142857142857142,0.5217391304347826,0.5186335403726707,0.005746600499985305,23
0.019099092483520506,0.0003625600406991204,0.012459659576416015,0.00040168994285224625,10,0.0001,rbf,"{'C': 10, 'gamma': 0.0001, 'kernel': 'rbf'}",0.5285714285714286,0.5142857142857142,0.5142857142857142,0.5142857142857142,0.5217391304347826,0.5186335403726707,0.005746600499985305,23
0.018807220458984374,0.00034503438575905776,0.012108516693115235,0.00013080690580484977,10,0.001,rbf,"{'C': 10, 'gamma': 0.001, 'kernel': 'rbf'}",0.8428571428571429,0.8714285714285714,0.8428571428571429,0.8142857142857143,0.855072463768116,0.8453002070393376,0.018719104215698657,16
0.015376472473144531,0.0003174969506322445,0.009333276748657226,0.00010779479557136076,10,0.01,rbf,"{'C': 10, 'gamma': 0.01, 'kernel': 'rbf'}",0.8857142857142857,0.8714285714285714,0.9142857142857143,0.9,0.9420289855072463,0.9026915113871634,0.02430927498281483,12
0.01760578155517578,0.001509811241702608,0.00867757797241211,0.0001787940713658696,10,0.1,rbf,"{'C': 10, 'gamma': 0.1, 'kernel': 'rbf'}",0.8857142857142857,0.9571428571428572,0.9714285714285714,0.9428571428571428,0.8985507246376812,0.9311387163561076,0.03335315692060144,1
0.02020893096923828,0.00024324199577129945,0.011853837966918945,0.00019663787349474455,10,1,rbf,"{'C': 10, 'gamma': 1, 'kernel': 'rbf'}",0.9285714285714286,0.8714285714285714,0.9142857142857143,0.9285714285714286,0.9130434782608695,0.9111801242236025,0.020967678275649205,6
0.020599794387817384,0.0003501223843732682,0.011807584762573242,0.0003949210598024681,10,10,rbf,"{'C': 10, 'gamma': 10, 'kernel': 'rbf'}",0.6714285714285714,0.6428571428571429,0.6714285714285714,0.6285714285714286,0.5652173913043478,0.6359006211180124,0.039045357576854935,18
0.024828577041625978,0.0003214832301379447,0.012806940078735351,0.0001391300519946302,10,100,rbf,"{'C': 10, 'gamma': 100, 'kernel': 'rbf'}",0.5285714285714286,0.5142857142857142,0.5142857142857142,0.5142857142857142,0.5217391304347826,0.5186335403726707,0.005746600499985305,23
0.025163030624389647,0.00043151864911068934,0.013041877746582031,0.00016626113074956386,10,1000,rbf,"{'C': 10, 'gamma': 1000, 'kernel': 'rbf'}",0.5285714285714286,0.5142857142857142,0.5142857142857142,0.5142857142857142,0.5217391304347826,0.5186335403726707,0.005746600499985305,23
0.018740367889404298,0.0003624172392834604,0.011890888214111328,0.00023788167581391596,100,0.0001,rbf,"{'C': 100, 'gamma': 0.0001, 'kernel': 'rbf'}",0.8428571428571429,0.8714285714285714,0.8428571428571429,0.8142857142857143,0.8695652173913043,0.8481987577639754,0.0209919511121875,15
0.015325117111206054,0.0002950382819907633,0.009220361709594727,0.0002591274129170646,100,0.001,rbf,"{'C': 100, 'gamma': 0.001, 'kernel': 'rbf'}",0.8857142857142857,0.8571428571428571,0.9142857142857143,0.9285714285714286,0.9710144927536232,0.9113457556935817,0.03862810326577816,4
0.014074993133544923,0.0001406585076588051,0.007691049575805664,8.26949746376168e-05,100,0.01,rbf,"{'C': 100, 'gamma': 0.01, 'kernel': 'rbf'}",0.8714285714285714,0.9714285714285714,0.9571428571428572,0.9571428571428572,0.8840579710144928,0.92824016563147,0.04175067210368522,3
0.021588468551635744,0.00264152668699439,0.008671188354492187,0.00019405670709153375,100,0.1,rbf,"{'C': 100, 'gamma': 0.1, 'kernel': 'rbf'}",0.9,0.9428571428571428,0.9142857142857143,0.9142857142857143,0.8840579710144928,0.9110973084886128,0.019407704495386514,8
0.020825719833374022,0.0003058104546448163,0.01173701286315918,5.5502821070605154e-05,100,1,rbf,"{'C': 100, 'gamma': 1, 'kernel': 'rbf'}",0.8571428571428571,0.8714285714285714,0.9,0.9142857142857143,0.8985507246376812,0.8882815734989649,0.020845314379581148,13
0.020982742309570312,0.0006057629543735412,0.012733793258666993,0.0012751700909480808,100,10,rbf,"{'C': 100, 'gamma': 10, 'kernel': 'rbf'}",0.6571428571428571,0.6428571428571429,0.6571428571428571,0.6285714285714286,0.5652173913043478,0.6301863354037267,0.03416849165980611,19
0.025334548950195313,0.00039011870179503306,0.012990093231201172,0.00012595909640632696,100,100,rbf,"{'C': 100, 'gamma': 100, 'kernel': 'rbf'}",0.5285714285714286,0.5142857142857142,0.5142857142857142,0.5142857142857142,0.5217391304347826,0.5186335403726707,0.005746600499985305,23
0.02559347152709961,0.000411762329549176,0.0132568359375,0.00024239159464103493,100,1000,rbf,"{'C': 100, 'gamma': 1000, 'kernel': 'rbf'}",0.5285714285714286,0.5142857142857142,0.5142857142857142,0.5142857142857142,0.5217391304347826,0.5186335403726707,0.005746600499985305,23
0.015659856796264648,0.0002716037999249334,0.009261846542358398,0.00018409342026625206,1000,0.0001,rbf,"{'C': 1000, 'gamma': 0.0001, 'kernel': 'rbf'}",0.8714285714285714,0.8571428571428571,0.9142857142857143,0.9285714285714286,0.9710144927536232,0.9084886128364389,0.04088091199906071,9
0.014339637756347657,0.0003794163454146479,0.007650995254516601,0.000144341970971014,1000,0.001,rbf,"{'C': 1000, 'gamma': 0.001, 'kernel': 'rbf'}",0.8857142857142857,0.9714285714285714,0.9571428571428572,0.9571428571428572,0.8840579710144928,0.9310973084886129,0.038093752784078776,2
0.01407794952392578,0.0005274749582350932,0.007566070556640625,0.00018765154385163833,1000,0.01,rbf,"{'C': 1000, 'gamma': 0.01, 'kernel': 'rbf'}",0.9,0.9571428571428572,0.8857142857142857,0.9142857142857143,0.8840579710144928,0.9082401656314699,0.026788490169322957,10
0.01935420036315918,0.0004919679331055127,0.008772325515747071,0.00039204188234788354,1000,0.1,rbf,"{'C': 1000, 'gamma': 0.1, 'kernel': 'rbf'}",0.8714285714285714,0.9428571428571428,0.9,0.9285714285714286,0.9130434782608695,0.9111801242236025,0.02455420205165666,6
0.020470380783081055,0.0003215616349919864,0.011169862747192384,0.0002939607838422738,1000,1,rbf,"{'C': 1000, 'gamma': 1, 'kernel': 'rbf'}",0.8285714285714286,0.8714285714285714,0.7714285714285715,0.7857142857142857,0.7536231884057971,0.8021532091097308,0.04258263170941208,17
0.02097744941711426,0.0003846511617425545,0.011673974990844726,0.00028446353630823295,1000,10,rbf,"{'C': 1000, 'gamma': 10, 'kernel': 'rbf'}",0.6571428571428571,0.6428571428571429,0.6571428571428571,0.6285714285714286,0.5652173913043478,0.6301863354037267,0.03416849165980611,19
0.02533135414123535,0.0003502085247717296,0.013106632232666015,0.000160398437631089,1000,100,rbf,"{'C': 1000, 'gamma': 100, 'kernel': 'rbf'}",0.5285714285714286,0.5142857142857142,0.5142857142857142,0.5142857142857142,0.5217391304347826,0.5186335403726707,0.005746600499985305,23
0.025766897201538085,0.000370809232907468,0.013319444656372071,0.00020693652612655458,1000,1000,rbf,"{'C': 1000, 'gamma': 1000, 'kernel': 'rbf'}",0.5285714285714286,0.5142857142857142,0.5142857142857142,0.5142857142857142,0.5217391304347826,0.5186335403726707,0.005746600499985305,23
